<pairstrade>
<pair>
<name>CF203-CF205</name>
<time></time>
<firstprice>-6.27744e+066</firstprice>
<secondprice>-6.27744e+066</secondprice>
<diffprice>0</diffprice>
<startprice>-0.0266241</startprice>
<computestoragefee>37.2</computestoragefee>
<computestoragedays>62</computestoragedays>
<computevatrate>0.13</computevatrate>
<computefirstconstractmargin>0.17</computefirstconstractmargin>
<computesecondconstractmargin>0.17</computesecondconstractmargin>
<computetransfee>18</computetransfee>
<computedeliverfee>480</computedeliverfee>
<computedelivermarginfee>-3.25223e+065</computedelivermarginfee>
<computetrademarginfee>-1.62297e+065</computetrademarginfee>
<computevatfee>0</computevatfee>
<computearbfee>-4.8752e+065</computearbfee>
<D2>182</D2>
<D1>120</D1>
<computetotalincome>0</computetotalincome>
<computerateofreturn>-0.0132756</computerateofreturn>
<lendrate>0.061</lendrate>
<computeinvestmoneyamount>-3.6723e+067</computeinvestmoneyamount>
</pair>
<pair>
<name>CF205-CF207</name>
<time></time>
<firstprice>-6.27744e+066</firstprice>
<secondprice>-6.27744e+066</secondprice>
<diffprice>0</diffprice>
<startprice>-0.0219511</startprice>
<computestoragefee>36.6</computestoragefee>
<computestoragedays>61</computestoragedays>
<computevatrate>0.13</computevatrate>
<computefirstconstractmargin>0.17</computefirstconstractmargin>
<computesecondconstractmargin>0.17</computesecondconstractmargin>
<computetransfee>18</computetransfee>
<computedeliverfee>480</computedeliverfee>
<computedelivermarginfee>-3.19977e+065</computedelivermarginfee>
<computetrademarginfee>-2.16693e+065</computetrademarginfee>
<computevatfee>0</computevatfee>
<computearbfee>-5.3667e+065</computearbfee>
<D2>243</D2>
<D1>182</D1>
<computetotalincome>0</computetotalincome>
<computerateofreturn>-0.014614</computerateofreturn>
<lendrate>0.061</lendrate>
<computeinvestmoneyamount>-3.6723e+067</computeinvestmoneyamount>
</pair>
<pair>
<name>CF207-CF209</name>
<time></time>
<firstprice>-6.27744e+066</firstprice>
<secondprice>-6.27744e+066</secondprice>
<diffprice>0</diffprice>
<startprice>-0.0195973</startprice>
<computestoragefee>37.8</computestoragefee>
<computestoragedays>63</computestoragedays>
<computevatrate>0.13</computevatrate>
<computefirstconstractmargin>0.17</computefirstconstractmargin>
<computesecondconstractmargin>0.17</computesecondconstractmargin>
<computetransfee>18</computetransfee>
<computedeliverfee>480</computedeliverfee>
<computedelivermarginfee>-3.30468e+065</computedelivermarginfee>
<computetrademarginfee>-2.72873e+065</computetrademarginfee>
<computevatfee>0</computevatfee>
<computearbfee>-6.03341e+065</computearbfee>
<D2>306</D2>
<D1>243</D1>
<computetotalincome>0</computetotalincome>
<computerateofreturn>-0.0164295</computerateofreturn>
<lendrate>0.061</lendrate>
<computeinvestmoneyamount>-3.6723e+067</computeinvestmoneyamount>
</pair>
<pair>
<name>CF211-CF301</name>
<time></time>
<firstprice>-6.27744e+066</firstprice>
<secondprice>-6.27744e+066</secondprice>
<diffprice>0</diffprice>
<startprice>6.27744e+066</startprice>
<computestoragefee>-5.0529e+008</computestoragefee>
<computestoragedays>-842150816</computestoragedays>
<computevatrate>0.13</computevatrate>
<computefirstconstractmargin>0.17</computefirstconstractmargin>
<computesecondconstractmargin>-6.27744e+066</computesecondconstractmargin>
<computetransfee>18</computetransfee>
<computedeliverfee>480</computedeliverfee>
<computedelivermarginfee>4.41753e+072</computedelivermarginfee>
<computetrademarginfee>2.85374e+207</computetrademarginfee>
<computevatfee>0</computevatfee>
<computearbfee>2.85374e+207</computearbfee>
<D2>-842150451</D2>
<D1>365</D1>
<computetotalincome>0</computetotalincome>
<computerateofreturn>-1.44837e+073</computerateofreturn>
<lendrate>0.061</lendrate>
<computeinvestmoneyamount>1.97031e+134</computeinvestmoneyamount>
</pair>
<pair>
<name>SR203-SR205</name>
<time></time>
<firstprice>-6.27744e+066</firstprice>
<secondprice>-6.27744e+066</secondprice>
<diffprice>0</diffprice>
<startprice>-0.0263278</startprice>
<computestoragefee>27.9</computestoragefee>
<computestoragedays>62</computestoragedays>
<computevatrate>0.17</computevatrate>
<computefirstconstractmargin>0.16</computefirstconstractmargin>
<computesecondconstractmargin>0.16</computesecondconstractmargin>
<computetransfee>12</computetransfee>
<computedeliverfee>30</computedeliverfee>
<computedelivermarginfee>-6.50446e+065</computedelivermarginfee>
<computetrademarginfee>-3.055e+065</computetrademarginfee>
<computevatfee>0</computevatfee>
<computearbfee>-9.55946e+065</computearbfee>
<D2>182</D2>
<D1>120</D1>
<computetotalincome>0</computetotalincome>
<computerateofreturn>-0.0131278</computerateofreturn>
<lendrate>0.061</lendrate>
<computeinvestmoneyamount>-7.28183e+067</computeinvestmoneyamount>
</pair>
<pair>
<name>SR205-SR207</name>
<time></time>
<firstprice>-6.27744e+066</firstprice>
<secondprice>-6.27744e+066</secondprice>
<diffprice>0</diffprice>
<startprice>-0.0216144</startprice>
<computestoragefee>27.45</computestoragefee>
<computestoragedays>61</computestoragedays>
<computevatrate>0.17</computevatrate>
<computefirstconstractmargin>0.16</computefirstconstractmargin>
<computesecondconstractmargin>0.16</computesecondconstractmargin>
<computetransfee>12</computetransfee>
<computedeliverfee>30</computedeliverfee>
<computedelivermarginfee>-6.39955e+065</computedelivermarginfee>
<computetrademarginfee>-4.07892e+065</computetrademarginfee>
<computevatfee>0</computevatfee>
<computearbfee>-1.04785e+066</computearbfee>
<D2>243</D2>
<D1>182</D1>
<computetotalincome>0</computetotalincome>
<computerateofreturn>-0.0143899</computerateofreturn>
<lendrate>0.061</lendrate>
<computeinvestmoneyamount>-7.28183e+067</computeinvestmoneyamount>
</pair>
<pair>
<name>SR207-SR209</name>
<time></time>
<firstprice>-6.27744e+066</firstprice>
<secondprice>-6.27744e+066</secondprice>
<diffprice>0</diffprice>
<startprice>-0.0192404</startprice>
<computestoragefee>28.35</computestoragefee>
<computestoragedays>63</computestoragedays>
<computevatrate>0.17</computevatrate>
<computefirstconstractmargin>0.16</computefirstconstractmargin>
<computesecondconstractmargin>0.16</computesecondconstractmargin>
<computetransfee>12</computetransfee>
<computedeliverfee>30</computedeliverfee>
<computedelivermarginfee>-6.60937e+065</computedelivermarginfee>
<computetrademarginfee>-5.13642e+065</computetrademarginfee>
<computevatfee>0</computevatfee>
<computearbfee>-1.17458e+066</computearbfee>
<D2>306</D2>
<D1>243</D1>
<computetotalincome>0</computetotalincome>
<computerateofreturn>-0.0161303</computerateofreturn>
<lendrate>0.061</lendrate>
<computeinvestmoneyamount>-7.28183e+067</computeinvestmoneyamount>
</pair>
<pair>
<name>SR209-SR211</name>
<time></time>
<firstprice>-6.27744e+066</firstprice>
<secondprice>-6.27744e+066</secondprice>
<diffprice>0</diffprice>
<startprice>-0.016914</startprice>
<computestoragefee>26.55</computestoragefee>
<computestoragedays>59</computestoragedays>
<computevatrate>0.17</computevatrate>
<computefirstconstractmargin>0.16</computefirstconstractmargin>
<computesecondconstractmargin>0.16</computesecondconstractmargin>
<computetransfee>12</computetransfee>
<computedeliverfee>30</computedeliverfee>
<computedelivermarginfee>-6.18973e+065</computedelivermarginfee>
<computetrademarginfee>-6.12678e+065</computetrademarginfee>
<computevatfee>0</computevatfee>
<computearbfee>-1.23165e+066</computearbfee>
<D2>365</D2>
<D1>306</D1>
<computetotalincome>0</computetotalincome>
<computerateofreturn>-0.016914</computerateofreturn>
<lendrate>0.061</lendrate>
<computeinvestmoneyamount>-7.28183e+067</computeinvestmoneyamount>
</pair>
<pair>
<name>SR301-SR303</name>
<time></time>
<firstprice>-6.27744e+066</firstprice>
<secondprice>-6.27744e+066</secondprice>
<diffprice>0</diffprice>
<startprice>-0.0148926</startprice>
<computestoragefee>27</computestoragefee>
<computestoragedays>60</computestoragedays>
<computevatrate>0.17</computevatrate>
<computefirstconstractmargin>0.16</computefirstconstractmargin>
<computesecondconstractmargin>0.16</computesecondconstractmargin>
<computetransfee>12</computetransfee>
<computedeliverfee>30</computedeliverfee>
<computedelivermarginfee>-6.29464e+065</computedelivermarginfee>
<computetrademarginfee>-8.17464e+065</computetrademarginfee>
<computevatfee>0</computevatfee>
<computearbfee>-1.44693e+066</computearbfee>
<D2>487</D2>
<D1>427</D1>
<computetotalincome>0</computetotalincome>
<computerateofreturn>-0.0198704</computerateofreturn>
<lendrate>0.061</lendrate>
<computeinvestmoneyamount>-7.28183e+067</computeinvestmoneyamount>
</pair>
<pair>
<name>SR303-SR305</name>
<time></time>
<firstprice>-6.27744e+066</firstprice>
<secondprice>-6.27744e+066</secondprice>
<diffprice>0</diffprice>
<startprice>-0.0141819</startprice>
<computestoragefee>27</computestoragefee>
<computestoragedays>60</computestoragedays>
<computevatrate>0.17</computevatrate>
<computefirstconstractmargin>0.16</computefirstconstractmargin>
<computesecondconstractmargin>0.16</computesecondconstractmargin>
<computetransfee>12</computetransfee>
<computedeliverfee>30</computedeliverfee>
<computedelivermarginfee>-6.29464e+065</computedelivermarginfee>
<computetrademarginfee>-9.18178e+065</computetrademarginfee>
<computevatfee>0</computevatfee>
<computearbfee>-1.54764e+066</computearbfee>
<D2>547</D2>
<D1>487</D1>
<computetotalincome>0</computetotalincome>
<computerateofreturn>-0.0212535</computerateofreturn>
<lendrate>0.061</lendrate>
<computeinvestmoneyamount>-7.28183e+067</computeinvestmoneyamount>
</pair>
<pair>
<name>SR305-SR307</name>
<time></time>
<firstprice>-6.27744e+066</firstprice>
<secondprice>-6.27744e+066</secondprice>
<diffprice>0</diffprice>
<startprice>6.27744e+066</startprice>
<computestoragefee>-3.78968e+008</computestoragefee>
<computestoragedays>-842150998</computestoragedays>
<computevatrate>0.17</computevatrate>
<computefirstconstractmargin>0.16</computefirstconstractmargin>
<computesecondconstractmargin>-6.27744e+066</computesecondconstractmargin>
<computetransfee>12</computetransfee>
<computedeliverfee>30</computedeliverfee>
<computedelivermarginfee>8.83506e+072</computedelivermarginfee>
<computetrademarginfee>5.70748e+207</computetrademarginfee>
<computevatfee>0</computevatfee>
<computearbfee>5.70748e+207</computearbfee>
<D2>-842150451</D2>
<D1>547</D1>
<computetotalincome>0</computetotalincome>
<computerateofreturn>-1.44837e+073</computerateofreturn>
<lendrate>0.061</lendrate>
<computeinvestmoneyamount>3.94062e+134</computeinvestmoneyamount>
</pair>
<pair>
<name>WS203-WS205</name>
<time></time>
<firstprice>-6.27744e+066</firstprice>
<secondprice>-6.27744e+066</secondprice>
<diffprice>0</diffprice>
<startprice>-0.0279368</startprice>
<computestoragefee>24.8</computestoragefee>
<computestoragedays>62</computestoragedays>
<computevatrate>0.13</computevatrate>
<computefirstconstractmargin>0.16</computefirstconstractmargin>
<computesecondconstractmargin>0.16</computesecondconstractmargin>
<computetransfee>6</computetransfee>
<computedeliverfee>30</computedeliverfee>
<computedelivermarginfee>-6.50446e+065</computedelivermarginfee>
<computetrademarginfee>-2.80321e+065</computetrademarginfee>
<computevatfee>0</computevatfee>
<computearbfee>-9.30767e+065</computearbfee>
<D2>167</D2>
<D1>105</D1>
<computetotalincome>0</computetotalincome>
<computerateofreturn>-0.0127821</computerateofreturn>
<lendrate>0.061</lendrate>
<computeinvestmoneyamount>-7.28183e+067</computeinvestmoneyamount>
</pair>
<pair>
<name>WS205-WS207</name>
<time></time>
<firstprice>-6.27744e+066</firstprice>
<secondprice>-6.27744e+066</secondprice>
<diffprice>0</diffprice>
<startprice>-0.0224829</startprice>
<computestoragefee>24.4</computestoragefee>
<computestoragedays>61</computestoragedays>
<computevatrate>0.13</computevatrate>
<computefirstconstractmargin>0.16</computefirstconstractmargin>
<computesecondconstractmargin>0.16</computesecondconstractmargin>
<computetransfee>6</computetransfee>
<computedeliverfee>30</computedeliverfee>
<computedelivermarginfee>-6.39955e+065</computedelivermarginfee>
<computetrademarginfee>-3.82714e+065</computetrademarginfee>
<computevatfee>0</computevatfee>
<computearbfee>-1.02267e+066</computearbfee>
<D2>228</D2>
<D1>167</D1>
<computetotalincome>0</computetotalincome>
<computerateofreturn>-0.0140441</computerateofreturn>
<lendrate>0.061</lendrate>
<computeinvestmoneyamount>-7.28183e+067</computeinvestmoneyamount>
</pair>
<pair>
<name>WS209-WS211</name>
<time></time>
<firstprice>-6.27744e+066</firstprice>
<secondprice>-6.27744e+066</secondprice>
<diffprice>0</diffprice>
<startprice>-0.0172783</startprice>
<computestoragefee>23.6</computestoragefee>
<computestoragedays>59</computestoragedays>
<computevatrate>0.13</computevatrate>
<computefirstconstractmargin>0.16</computefirstconstractmargin>
<computesecondconstractmargin>0.16</computesecondconstractmargin>
<computetransfee>6</computetransfee>
<computedeliverfee>30</computedeliverfee>
<computedelivermarginfee>-6.18973e+065</computedelivermarginfee>
<computetrademarginfee>-5.87499e+065</computetrademarginfee>
<computevatfee>0</computevatfee>
<computearbfee>-1.20647e+066</computearbfee>
<D2>350</D2>
<D1>291</D1>
<computetotalincome>0</computetotalincome>
<computerateofreturn>-0.0165683</computerateofreturn>
<lendrate>0.061</lendrate>
<computeinvestmoneyamount>-7.28183e+067</computeinvestmoneyamount>
</pair>
<pair>
<name>WS211-WS301</name>
<time></time>
<firstprice>-6.27744e+066</firstprice>
<secondprice>-6.27744e+066</secondprice>
<diffprice>0</diffprice>
<startprice>-0.0163273</startprice>
<computestoragefee>24.8</computestoragefee>
<computestoragedays>62</computestoragedays>
<computevatrate>0.13</computevatrate>
<computefirstconstractmargin>0.16</computefirstconstractmargin>
<computesecondconstractmargin>0.16</computesecondconstractmargin>
<computetransfee>6</computetransfee>
<computedeliverfee>30</computedeliverfee>
<computedelivermarginfee>-6.50446e+065</computedelivermarginfee>
<computetrademarginfee>-6.91571e+065</computetrademarginfee>
<computevatfee>0</computevatfee>
<computearbfee>-1.34202e+066</computearbfee>
<D2>412</D2>
<D1>350</D1>
<computetotalincome>0</computetotalincome>
<computerateofreturn>-0.0184297</computerateofreturn>
<lendrate>0.061</lendrate>
<computeinvestmoneyamount>-7.28183e+067</computeinvestmoneyamount>
</pair>
<pair>
<name>WS301-WS303</name>
<time></time>
<firstprice>-6.27744e+066</firstprice>
<secondprice>-6.27744e+066</secondprice>
<diffprice>0</diffprice>
<startprice>-0.0149032</startprice>
<computestoragefee>23.2</computestoragefee>
<computestoragedays>58</computestoragedays>
<computevatrate>0.13</computevatrate>
<computefirstconstractmargin>0.16</computefirstconstractmargin>
<computesecondconstractmargin>0.16</computesecondconstractmargin>
<computetransfee>6</computetransfee>
<computedeliverfee>30</computedeliverfee>
<computedelivermarginfee>-6.08482e+065</computedelivermarginfee>
<computetrademarginfee>-7.88928e+065</computetrademarginfee>
<computevatfee>0</computevatfee>
<computearbfee>-1.39741e+066</computearbfee>
<D2>470</D2>
<D1>412</D1>
<computetotalincome>0</computetotalincome>
<computerateofreturn>-0.0191904</computerateofreturn>
<lendrate>0.061</lendrate>
<computeinvestmoneyamount>-7.28183e+067</computeinvestmoneyamount>
</pair>
<pair>
<name>WS303-WS305</name>
<time></time>
<firstprice>-6.27744e+066</firstprice>
<secondprice>-6.27744e+066</secondprice>
<diffprice>0</diffprice>
<startprice>6.27744e+066</startprice>
<computestoragefee>-3.3686e+008</computestoragefee>
<computestoragedays>-842150921</computestoragedays>
<computevatrate>0.13</computevatrate>
<computefirstconstractmargin>0.16</computefirstconstractmargin>
<computesecondconstractmargin>-6.27744e+066</computesecondconstractmargin>
<computetransfee>6</computetransfee>
<computedeliverfee>30</computedeliverfee>
<computedelivermarginfee>8.83506e+072</computedelivermarginfee>
<computetrademarginfee>5.70748e+207</computetrademarginfee>
<computevatfee>0</computevatfee>
<computearbfee>5.70748e+207</computearbfee>
<D2>-842150451</D2>
<D1>470</D1>
<computetotalincome>0</computetotalincome>
<computerateofreturn>-1.44837e+073</computerateofreturn>
<lendrate>0.061</lendrate>
<computeinvestmoneyamount>3.94062e+134</computeinvestmoneyamount>
</pair>
</pairstrade>
